mes,headcount_inicio,headcount_fim,headcount_medio,admissoes,desligamentos,desligamentos_voluntarios,desligamentos_involuntarios,turnover_mensal
2022-01-01,745,753,749.0,15,6,4,2,0.00801068090787717
2022-02-01,753,752,752.5,3,4,3,1,0.0053156146179402
2022-03-01,752,757,754.5,6,1,0,1,0.0013253810470510272
2022-04-01,757,758,757.5,5,4,1,3,0.005280528052805281
2022-05-01,758,764,761.0,9,3,2,1,0.003942181340341655
2022-06-01,764,766,765.0,6,4,3,1,0.00522875816993464
2022-07-01,768,768,768.0,6,4,2,2,0.005208333333333333
2022-08-01,768,772,770.0,5,1,0,1,0.0012987012987012987
2022-09-01,772,774,773.0,7,5,3,2,0.00646830530401035
2022-10-01,774,781,777.5,9,2,2,0,0.002572347266881029
2022-11-01,781,783,782.0,4,2,2,0,0.0025575447570332483
2022-12-01,783,787,785.0,8,4,4,0,0.005095541401273885
2023-01-01,787,790,788.5,9,6,6,0,0.007609384908053266
2023-02-01,790,796,793.0,8,2,1,1,0.0025220680958385876
2023-03-01,796,797,796.5,7,6,3,3,0.007532956685499058
2023-04-01,798,802,800.0,13,8,3,5,0.01
2023-05-01,802,809,805.5,8,1,1,0,0.0012414649286157666
2023-06-01,809,818,813.5,10,1,1,0,0.001229256299938537
2023-07-01,818,817,817.5,3,4,3,1,0.004892966360856269
2023-08-01,818,819,818.5,6,4,2,2,0.004886988393402566
2023-09-01,819,829,824.0,15,5,4,1,0.006067961165048544
2023-10-01,829,836,832.5,10,3,3,0,0.0036036036036036037
2023-11-01,837,842,839.5,10,4,4,0,0.004764740917212627
2023-12-01,841,849,845.0,10,3,3,0,0.0035502958579881655
2024-01-01,849,853,851.0,8,4,1,3,0.004700352526439483
2024-02-01,853,857,855.0,10,6,5,1,0.007017543859649123
2024-03-01,859,859,859.0,7,5,4,1,0.005820721769499418
2024-04-01,861,864,862.5,11,6,4,2,0.006956521739130435
2024-05-01,864,864,864.0,8,8,6,2,0.009259259259259259
2024-06-01,864,869,866.5,11,6,5,1,0.006924408540103866
2024-07-01,870,875,872.5,11,5,4,1,0.0057306590257879654
2024-08-01,875,875,875.0,6,6,5,1,0.006857142857142857
2024-09-01,876,885,880.5,10,0,0,0,0.0
2024-10-01,885,891,888.0,9,3,2,1,0.0033783783783783786
2024-11-01,894,899,896.5,11,3,3,0,0.0033463469046291134
2024-12-01,899,896,897.5,5,8,7,1,0.008913649025069638
2025-01-01,897,904,900.5,10,2,0,2,0.002220988339811216
2025-02-01,905,911,908.0,10,3,3,0,0.003303964757709251
2025-03-01,911,911,911.0,7,7,5,2,0.007683863885839737
2025-04-01,910,916,913.0,12,7,3,4,0.007667031763417305
2025-05-01,916,925,920.5,14,5,4,1,0.005431830526887561
2025-06-01,925,926,925.5,10,9,6,3,0.009724473257698542
2025-07-01,926,929,927.5,9,6,4,2,0.00646900269541779
2025-08-01,928,939,933.5,14,4,4,0,0.004284949116229245
2025-09-01,941,941,941.0,16,14,10,4,0.01487778958554729
2025-10-01,941,944,942.5,11,8,6,2,0.008488063660477453
2025-11-01,944,942,943.0,9,11,9,2,0.01166489925768823
2025-12-01,942,943,942.5,13,12,10,2,0.01273209549071618
2026-01-01,942,934,938.0,5,14,10,4,0.014925373134328358
2026-02-01,934,933,933.5,1,2,1,1,0.0021424745581146223
2026-03-01,933,917,925.0,1,17,13,4,0.018378378378378378
2026-04-01,917,910,913.5,2,9,6,3,0.009852216748768473
2026-05-01,909,890,899.5,1,21,17,4,0.023346303501945526
2026-06-01,890,883,886.5,5,12,8,4,0.01353637901861252
2026-07-01,883,878,880.5,7,12,11,1,0.013628620102214651
2026-08-01,878,878,878.0,0,0,0,0,0.0
2026-09-01,878,877,877.5,0,1,1,0,0.0011396011396011395
