variavel,odds_ratio,ic_95_inferior,ic_95_superior,p_valor,efeito_na_chance,significativo_5pct
Tempo de empresa (+1 ano),0.8627461489122565,0.8276836734381502,0.8992939468903886,3.0745253012190893e-12,-0.13725385108774346,Sim
Satisfação no trabalho (+1 nível),0.8524819078435574,0.7647703351099634,0.9502531280794232,0.003963223022959844,-0.14751809215644263,Sim
Equilíbrio vida-trabalho (+1 nível),0.8679176997095083,0.7802649021904041,0.965417169674543,0.009110107573000683,-0.13208230029049173,Sim
Distância de casa (+1 km),1.0088605677542903,0.9987743720208411,1.0190486196699,0.08529721640306792,0.008860567754290338,Não
Realiza horas extras,1.3077383478545248,0.9585501525241771,1.7841315678118856,0.09048256345877506,0.3077383478545248,Não
Idade (+1 ano),1.0205735831412397,0.9941460939522746,1.0477035970286184,0.12816935773861418,0.020573583141239693,Não
Salário (+R$ 1.000),0.8142388812451707,0.6003808650496423,1.1042739606242589,0.1861944678664278,-0.18576111875482926,Não
Nível do cargo (+1 nível),1.2442230592464965,0.7022363305360348,2.204515707666411,0.4540165185255518,0.24422305924649645,Não
Área: Financeiro (vs. Atendimento),1.2672728924444927,0.5709473828460397,2.81283465372797,0.5603910851542278,0.2672728924444927,Não
Área: Operações (vs. Atendimento),1.169523587248599,0.6224433493864838,2.197445634978669,0.6265134438450619,0.16952358724859895,Não
Área: Recursos Humanos (vs. Atendimento),0.8834784336235915,0.4513350276904913,1.7293896879044275,0.7177114549623012,-0.11652156637640854,Não
Satisfação com o ambiente (+1 nível),0.9809862361438182,0.8817204584105176,1.0914275452317619,0.7243280331991176,-0.01901376385618181,Não
Área: Comercial (vs. Atendimento),0.8981297441906334,0.4480103215204436,1.8004876197101722,0.7620607971172683,-0.1018702558093666,Não
Área: Marketing (vs. Atendimento),1.0974485724277945,0.5291231657553179,2.2762060840873315,0.8027223716505956,0.09744857242779448,Não
Avaliação de desempenho (+1 nível),0.9819811222035747,0.8294521541053961,1.1625588282475696,0.8327938873548041,-0.018018877796425303,Não
Promovido nos últimos 5 anos,1.0136362223257291,0.7010327522112473,1.4656353615004334,0.9426098981097744,0.013636222325729142,Não
Área: Tecnologia (vs. Atendimento),1.0351450083775886,0.3750599287292008,2.8569439342657583,0.9468318531113374,0.035145008377588605,Não
